edinet_code,sec_code,name,industry,accounting_standard,consolidated,latest_fy,periods,has_segments,group
E00014,1332,ニッスイ,水産・農林業,JP,True,2026-03-31,8,True,
E00015,1333,マルハニチロ,水産・農林業,JP,True,2026-03-31,8,True,
E00329,1414,ショーボンドホールディングス,建設業,JP,True,2026-06-30,9,True,
E24558,1417,ミライト・ワン,建設業,JP,True,2026-03-31,8,True,
E00043,1605,ＩＮＰＥＸ,鉱業,IFRS,True,2025-12-31,7,True,石油
E00041,1662,石油資源開発,鉱業,JP,True,2026-03-31,8,True,石油
E00317,1719,安藤・間,建設業,JP,True,2026-03-31,8,True,
E00322,1721,コムシスホールディングス,建設業,JP,True,2026-03-31,8,True,
E00052,1801,大成建設,建設業,JP,True,2026-03-31,8,True,
E00055,1802,大林組,建設業,JP,True,2026-03-31,8,True,
E00053,1803,清水建設,建設業,JP,True,2026-03-31,8,True,
E00090,1808,長谷工コーポレーション,建設業,JP,True,2026-03-31,8,True,
E00058,1812,鹿島建設,建設業,JP,True,2026-03-31,8,True,
E00060,1820,西松建設,建設業,JP,True,2026-03-31,12,True,
E00147,1860,戸田建設,建設業,JP,True,2026-03-31,8,True,
E00218,1878,大東建託,不動産業,JP,True,2026-03-31,8,True,
E00086,1893,五洋建設,建設業,JP,True,2026-03-31,8,True,
E00011,1911,住友林業,建設業,JP,True,2025-12-31,8,True,
E00048,1925,大和ハウス工業,建設業,JP,True,2026-03-31,8,True,
E00143,1928,積水ハウス,建設業,JP,True,2026-01-31,9,True,
E00074,1942,関電工,建設業,JP,True,2026-03-31,8,True,
E00075,1944,きんでん,建設業,JP,True,2026-03-31,8,False,
E00094,1951,エクシオグループ,建設業,JP,True,2026-03-31,8,True,
E00146,1959,クラフティア,建設業,JP,True,2026-03-31,8,True,
E01575,1963,日揮ホールディングス,建設業,JP,True,2026-03-31,8,True,
E00149,1969,高砂熱学工業,建設業,JP,True,2026-03-31,8,True,
E00346,2002,日清製粉グループ本社,食料品,JP,True,2026-03-31,8,True,
E05629,2127,日本Ｍ＆Ａセンターホールディングス,サービス業,JP,True,2026-03-31,8,False,
E21261,2181,パーソルホールディングス,サービス業,IFRS,True,2026-03-31,10,True,
E00369,2201,森永製菓,食料品,JP,True,2026-03-31,8,True,
E00373,2206,江崎グリコ,食料品,JP,True,2025-12-31,7,True,
E00375,2212,山崎製パン,食料品,JP,True,2025-12-31,7,True,
E00387,2222,寿スピリッツ,食料品,JP,True,2026-03-31,8,True,
E25303,2229,カルビー,食料品,JP,True,2026-03-31,8,False,
E00331,2264,森永乳業,食料品,JP,True,2026-03-31,8,True,
E00406,2267,ヤクルト本社,食料品,JP,True,2026-03-31,8,True,
E21902,2269,明治ホールディングス,食料品,JP,True,2026-03-31,8,True,
E00334,2282,日本ハム,食料品,IFRS,True,2026-03-31,8,True,
E05304,2327,日鉄ソリューションズ,情報・通信業,IFRS,True,2026-03-31,8,False,
E05309,2331,ＡＬＳＯＫ,サービス業,JP,True,2026-03-31,11,True,
E05350,2371,カカクコム,サービス業,IFRS,True,2026-03-31,8,True,
E05425,2413,エムスリー,サービス業,IFRS,True,2026-03-31,8,True,
E05460,2432,ディー・エヌ・エー,情報・通信業,IFRS,True,2026-03-31,8,True,
E05410,2433,博報堂ＤＹホールディングス,サービス業,JP,True,2026-03-31,8,False,
E00393,2501,サッポロホールディングス,食料品,IFRS,True,2025-12-31,7,True,
E00394,2502,アサヒグループホールディングス,食料品,IFRS,True,2025-12-31,7,True,
E00395,2503,キリンホールディングス,食料品,IFRS,True,2025-12-31,7,True,
E00396,2531,宝ホールディングス,食料品,JP,True,2026-03-31,8,True,
E00417,2579,コカ・コーラ　ボトラーズジャパンホールディングス,食料品,IFRS,True,2025-12-31,7,True,
E27622,2587,サントリー食品インターナショナル,食料品,IFRS,True,2025-12-31,8,True,
E00414,2593,伊藤園,食料品,JP,True,2026-04-30,8,True,
E00431,2607,不二製油,食料品,IFRS,True,2026-03-31,8,True,
E02925,2670,エービーシー・マート,小売業,JP,True,2026-02-28,10,True,
E02958,2768,双日,卸売業,IFRS,True,2026-03-31,8,True,商社
E02962,2784,アルフレッサ　ホールディングス,卸売業,JP,True,2026-03-31,8,True,
E00435,2801,キッコーマン,食料品,IFRS,True,2026-03-31,8,True,
E00436,2802,味の素,食料品,IFRS,True,2026-03-31,8,True,
E00464,2809,キユーピー,食料品,JP,True,2025-11-30,8,True,
E00462,2810,ハウス食品グループ本社,食料品,JP,True,2026-03-31,8,True,
E00444,2811,カゴメ,食料品,IFRS,True,2025-12-31,12,True,
E35948,285A,キオクシアホールディングス,電気機器,IFRS,True,2026-03-31,5,False,
E00446,2871,ニチレイ,食料品,JP,True,2026-03-31,8,True,
E00461,2875,東洋水産,食料品,JP,True,2026-03-31,8,True,
E00457,2897,日清食品ホールディングス,食料品,IFRS,True,2026-03-31,8,True,
E00492,2914,日本たばこ産業,食料品,IFRS,True,2025-12-31,7,True,
E00523,3003,ヒューリック,不動産業,JP,True,2025-12-31,8,True,
E02999,3038,神戸物産,卸売業,JP,True,2025-10-31,10,True,
E03481,3048,ビックカメラ,小売業,JP,True,2025-08-31,7,True,
E03497,3064,ＭｏｎｏｔａＲＯ,小売業,JP,True,2025-12-31,9,False,
E03516,3086,Ｊ．フロント　リテイリング,小売業,IFRS,True,2026-02-28,10,True,
E03519,3088,マツキヨココカラ＆カンパニー,小売業,JP,True,2026-03-31,8,True,
E05725,3092,ＺＯＺＯ,小売業,JP,True,2026-03-31,8,False,
E03521,3099,三越伊勢丹ホールディングス,小売業,JP,True,2026-03-31,8,True,
E00544,3105,日清紡ホールディングス,電気機器,JP,True,2025-12-31,7,True,
E00529,3107,ダイワボウホールディングス,卸売業,JP,True,2026-03-31,8,True,
E00540,3116,トヨタ紡織,輸送用機器,IFRS,True,2026-03-31,8,True,
E31167,3132,マクニカホールディングス,卸売業,JP,True,2026-03-31,8,True,
E03515,3197,すかいらーくホールディングス,小売業,IFRS,True,2025-12-31,7,False,
E04060,3231,野村不動産ホールディングス,不動産業,JP,True,2026-03-31,8,True,
E27842,3288,オープンハウスグループ,不動産業,JP,True,2025-09-30,8,True,
E27633,3289,東急不動産ホールディングス,不動産業,JP,True,2026-03-31,8,True,
E27759,3291,飯田グループホールディングス,不動産業,IFRS,True,2026-03-31,8,True,
E03446,3349,コスモス薬品,小売業,JP,True,2026-05-31,8,False,
E03450,3360,シップヘルスケアホールディングス,卸売業,JP,True,2026-03-31,8,True,
E03462,3382,セブン＆アイ・ホールディングス,小売業,JP,True,2026-02-28,10,True,
E03464,3391,ツルハホールディングス,小売業,JP,True,2026-02-28,12,False,
E03468,3397,トリドールホールディングス,小売業,IFRS,True,2026-03-31,8,True,
E00872,3401,帝人,繊維製品,IFRS,True,2026-03-31,8,True,
E00873,3402,東レ,繊維製品,IFRS,True,2026-03-31,8,True,
E00876,3405,クラレ,化学,JP,True,2025-12-31,12,True,
E00877,3407,旭化成,化学,JP,True,2026-03-31,8,True,
E02103,3436,ＳＵＭＣＯ,金属製品,JP,True,2025-12-31,7,False,
E10737,3549,クスリのアオキホールディングス,小売業,JP,True,2026-05-20,8,False,
E33000,3563,ＦＯＯＤ　＆　ＬＩＦＥ　ＣＯＭＰＡＮＩＥＳ,小売業,IFRS,True,2025-09-30,7,True,
E00590,3591,ワコールホールディングス,繊維製品,IFRS,True,2026-03-31,8,False,
E05739,3626,ＴＩＳ,情報・通信業,JP,True,2026-03-31,8,True,
E22460,3635,コーエーテクモホールディングス,情報・通信業,JP,True,2026-03-31,8,True,
E25850,3659,ネクソン,情報・通信業,IFRS,True,2025-12-31,7,True,
E30969,3697,ＳＨＩＦＴ,情報・通信業,JP,True,2025-08-31,7,True,
E05476,3769,ＧＭＯペイメントゲートウェイ,情報・通信業,IFRS,True,2025-09-30,7,True,
E05480,3774,インターネットイニシアティブ,情報・通信業,IFRS,True,2026-03-31,8,True,
E00642,3861,王子ホールディングス,パルプ・紙,JP,True,2026-03-31,8,True,
E31878,3923,ラクス,情報・通信業,JP,True,2026-03-31,8,True,
E00659,3941,レンゴー,パルプ・紙,JP,True,2026-03-31,8,True,
E33390,3994,マネーフォワード,情報・通信業,JP,True,2025-11-30,7,True,
E00751,4004,レゾナック・ホールディングス,化学,IFRS,True,2025-12-31,7,True,
E00752,4005,住友化学,化学,IFRS,True,2026-03-31,8,True,
E00759,4021,日産化学,化学,JP,True,2026-03-31,8,True,
E00767,4042,東ソー,化学,JP,True,2026-03-31,8,True,
E00768,4043,トクヤマ,化学,JP,True,2026-03-31,8,True,
E00770,4045,東亞合成,化学,JP,True,2025-12-31,7,True,
E00774,4061,デンカ,化学,JP,True,2026-03-31,8,True,
E00775,4062,イビデン,電気機器,JP,True,2026-03-31,8,True,
E00776,4063,信越化学工業,化学,JP,True,2026-03-31,12,True,
E00792,4088,エア・ウォーター,化学,IFRS,True,2026-03-31,10,True,
E00783,4091,日本酸素ホールディングス,化学,IFRS,True,2026-03-31,12,True,
E00811,4114,日本触媒,化学,IFRS,True,2026-03-31,8,True,
E00879,4118,カネカ,化学,JP,True,2026-03-31,8,True,
E00816,4151,協和キリン,医薬品,IFRS,True,2025-12-31,7,False,
E40736,417A,ブルーゾーンホールディングス,小売業,JP,True,2026-03-31,1,False,
E00815,4182,三菱瓦斯化学,化学,JP,True,2026-03-31,8,True,
E00840,4183,三井化学,化学,IFRS,True,2026-03-31,8,True,
E00854,4186,東京応化工業,化学,JP,True,2025-12-31,7,False,
E00808,4188,三菱ケミカルグループ,化学,IFRS,True,2026-03-31,8,True,
E36484,4194,ビジョナル,情報・通信業,JP,True,2025-07-31,6,True,
E00818,4202,ダイセル,化学,JP,True,2026-03-31,8,True,
E00819,4203,住友ベークライト,化学,IFRS,True,2026-03-31,8,True,
E00820,4204,積水化学工業,化学,JP,True,2026-03-31,8,True,
E00821,4205,日本ゼオン,化学,JP,True,2026-03-31,8,True,
E00824,4206,アイカ工業,化学,JP,True,2026-03-31,12,True,
E01002,4208,ＵＢＥ,化学,JP,True,2026-03-31,8,True,
E00836,4272,日本化薬,化学,JP,True,2026-03-31,8,True,
E05062,4307,野村総合研究所,情報・通信業,IFRS,True,2026-03-31,8,True,
E04760,4324,電通グループ,サービス業,IFRS,True,2025-12-31,7,True,
E34064,4385,メルカリ,情報・通信業,IFRS,True,2026-06-30,8,True,
E00878,4401,ＡＤＥＫＡ,化学,JP,True,2026-03-31,8,True,
E00880,4403,日油,化学,JP,True,2026-03-31,8,True,
E00883,4452,花王,化学,IFRS,True,2025-12-31,7,True,
E00919,4502,武田薬品工業,医薬品,IFRS,True,2026-03-31,8,False,
E00920,4503,アステラス製薬,医薬品,IFRS,True,2026-03-31,8,False,
E00922,4506,住友ファーマ,医薬品,IFRS,True,2026-03-31,8,True,
E00923,4507,塩野義製薬,医薬品,IFRS,True,2026-03-31,10,False,
E00931,4516,日本新薬,医薬品,IFRS,True,2026-03-31,8,False,
E00932,4519,中外製薬,医薬品,IFRS,True,2025-12-31,7,False,
E00939,4523,エーザイ,医薬品,IFRS,True,2026-03-31,8,True,
E00942,4527,ロート製薬,医薬品,JP,True,2026-03-31,8,True,
E00945,4528,小野薬品工業,医薬品,IFRS,True,2026-03-31,8,False,
E00944,4530,久光製薬,医薬品,JP,True,2025-02-28,9,False,
E00949,4536,参天製薬,医薬品,IFRS,True,2026-03-31,8,False,
E01018,4540,ツムラ,医薬品,JP,True,2026-03-31,8,False,
E01630,4543,テルモ,精密機器,IFRS,True,2026-03-31,8,True,
E00967,4544,Ｈ．Ｕ．グループホールディングス,サービス業,JP,True,2026-03-31,8,True,
E00984,4568,第一三共,医薬品,IFRS,True,2026-03-31,8,False,
E21183,4578,大塚ホールディングス,医薬品,IFRS,True,2025-12-31,7,True,
E27486,4587,ペプチドリーム,医薬品,IFRS,True,2025-12-31,6,True,
E00892,4612,日本ペイントホールディングス,化学,IFRS,True,2025-12-31,7,True,
E00893,4613,関西ペイント,化学,JP,True,2026-03-31,8,True,
E00913,4626,太陽ホールディングス,化学,JP,True,2026-03-31,8,True,
E00901,4631,ＤＩＣ,化学,JP,True,2025-12-31,7,True,
E04707,4661,オリエンタルランド,サービス業,JP,True,2026-03-31,8,True,
E04926,4665,ダスキン,サービス業,JP,True,2026-03-31,8,True,
E04979,4666,パーク２４,不動産業,JP,True,2025-10-31,7,True,
E04462,4676,フジ・メディア・ホールディングス,情報・通信業,JP,True,2026-03-31,8,True,
E04710,4680,ラウンドワン,サービス業,IFRS,True,2026-03-31,8,True,
E03969,4681,リゾートトラスト,サービス業,JP,True,2026-03-31,8,True,
E05025,4684,オービック,情報・通信業,JP,True,2026-03-31,8,True,
E05000,4689,ＬＩＮＥヤフー,情報・通信業,IFRS,True,2026-03-31,9,True,
E04999,4704,トレンドマイクロ,情報・通信業,JP,True,2025-12-31,7,True,
E05027,4716,日本オラクル,情報・通信業,JP,False,2026-05-31,8,True,
E05045,4732,ユー・エス・エス,サービス業,JP,True,2026-03-31,11,True,
E05048,4733,オービックビジネスコンサルタント,情報・通信業,JP,False,2026-03-31,8,False,
E05072,4751,サイバーエージェント,サービス業,JP,True,2025-09-30,10,True,
E05080,4755,楽天グループ,サービス業,IFRS,True,2025-12-31,7,True,
E05099,4768,大塚商会,情報・通信業,JP,True,2025-12-31,7,True,
E36190,4887,サワイグループホールディングス,医薬品,IFRS,True,2026-03-31,5,False,
E00988,4901,富士フイルムホールディングス,化学,US,True,2026-03-31,9,False,
E00989,4902,コニカミノルタ,電気機器,IFRS,True,2026-03-31,8,True,
E00990,4911,資生堂,化学,IFRS,True,2025-12-31,7,True,
E00991,4912,ライオン,化学,IFRS,True,2025-12-31,7,True,
E01049,4922,コーセーホールディングス,化学,JP,True,2025-12-31,7,True,
E24951,4927,ポーラ・オルビスホールディングス,化学,JP,True,2025-12-31,7,True,
E01047,4967,小林製薬,化学,JP,True,2025-12-31,7,True,
E31633,4980,デクセリアルズ,化学,IFRS,True,2026-03-31,8,True,
E01081,5016,ＪＸ金属,非鉄金属,IFRS,True,2026-03-31,6,True,
E01084,5019,出光興産,石油・石炭製品,JP,True,2026-03-31,8,True,石油
E24050,5020,ＥＮＥＯＳホールディングス,石油・石炭製品,IFRS,True,2026-03-31,8,True,石油
E31632,5021,コスモエネルギーホールディングス,石油・石炭製品,JP,True,2026-03-31,8,True,石油
E36723,5076,インフロニア・ホールディングス,建設業,IFRS,True,2026-03-31,5,True,
E01085,5101,横浜ゴム,ゴム製品,IFRS,True,2025-12-31,7,True,
E01090,5105,ＴＯＹＯ　ＴＩＲＥ,ゴム製品,JP,True,2025-12-31,7,True,
E01086,5108,ブリヂストン,ゴム製品,IFRS,True,2025-12-31,7,True,
E01110,5110,住友ゴム工業,ゴム製品,IFRS,True,2025-12-31,7,True,
E01122,5201,ＡＧＣ,ガラス・土石製品,IFRS,True,2025-12-31,7,True,
E01190,5214,日本電気硝子,ガラス・土石製品,JP,True,2025-12-31,7,False,
E01127,5232,住友大阪セメント,ガラス・土石製品,JP,True,2026-03-31,8,True,
E01130,5233,太平洋セメント,ガラス・土石製品,JP,True,2026-03-31,11,True,
E01162,5301,東海カーボン,ガラス・土石製品,JP,True,2025-12-31,7,True,
E01138,5332,ＴＯＴＯ,ガラス・土石製品,JP,True,2026-03-31,8,True,
E01137,5333,日本碍子,ガラス・土石製品,JP,True,2026-03-31,8,True,
E01136,5334,日本特殊陶業,ガラス・土石製品,IFRS,True,2026-03-31,8,True,
E01210,5344,ＭＡＲＵＷＡ,ガラス・土石製品,JP,True,2026-03-31,8,True,
E01151,5393,ニチアス,ガラス・土石製品,JP,True,2026-03-31,8,True,
E01225,5401,日本製鉄,鉄鋼,IFRS,True,2026-03-31,8,True,
E01231,5406,神戸製鋼所,鉄鋼,JP,True,2026-03-31,8,True,
E01264,5411,ＪＦＥホールディングス,鉄鋼,IFRS,True,2026-03-31,8,True,
E01259,5444,大和工業,鉄鋼,JP,True,2026-03-31,8,True,
E01253,5463,丸一鋼管,鉄鋼,JP,True,2026-03-31,8,True,
E01239,5471,大同特殊鋼,鉄鋼,IFRS,True,2026-03-31,8,True,
E01232,5631,日本製鋼所,機械,JP,True,2026-03-31,8,True,
E00024,5706,三井金属,非鉄金属,JP,True,2026-03-31,8,True,
E00021,5711,三菱マテリアル,非鉄金属,JP,True,2026-03-31,12,True,
E00023,5713,住友金属鉱山,非鉄金属,IFRS,True,2026-03-31,8,True,
E00028,5714,ＤＯＷＡホールディングス,非鉄金属,JP,True,2026-03-31,8,True,
E01332,5801,古河電気工業,非鉄金属,JP,True,2026-03-31,8,True,
E01333,5802,住友電気工業,非鉄金属,JP,True,2026-03-31,8,True,
E01334,5803,フジクラ,非鉄金属,JP,True,2026-03-31,8,True,
E37725,5830,いよぎんホールディングス,銀行業,JP,True,2026-03-31,4,True,
E37777,5831,しずおかフィナンシャルグループ,銀行業,JP,True,2026-03-31,4,True,
E37785,5832,ちゅうぎんフィナンシャルグループ,銀行業,JP,True,2026-03-31,4,True,
E03621,5838,楽天銀行,銀行業,JP,True,2026-03-31,6,False,
E38714,5844,京都フィナンシャルグループ,銀行業,JP,True,2026-03-31,3,False,
E01353,5901,東洋製罐グループホールディングス,金属製品,JP,True,2026-03-31,10,True,
E01385,5929,三和ホールディングス,金属製品,JP,True,2026-03-31,8,True,
E01317,5938,ＬＩＸＩＬ,金属製品,IFRS,True,2026-03-31,8,True,
E01417,5947,リンナイ,金属製品,JP,True,2026-03-31,8,True,
E01367,5991,日本発條,金属製品,JP,True,2026-03-31,8,True,
E01478,6005,三浦工業,機械,IFRS,True,2026-03-31,8,True,
E07801,6098,リクルートホールディングス,サービス業,IFRS,True,2026-03-31,8,True,
E01486,6113,アマダ,機械,IFRS,True,2026-03-31,8,True,
E01495,6134,ＦＵＪＩ,機械,JP,True,2026-03-31,8,True,
E01377,6136,オーエスジー,機械,JP,True,2025-11-30,7,True,
E01502,6141,ＤＭＧ森精機,機械,IFRS,True,2025-12-31,7,True,
E01506,6146,ディスコ,機械,JP,True,2026-03-31,8,False,
E31748,6178,日本郵政,サービス業,JP,True,2026-03-31,10,True,
E01514,6201,豊田自動織機,輸送用機器,IFRS,True,2025-03-31,7,True,
E01726,6268,ナブテスコ,機械,IFRS,True,2025-12-31,9,True,
E01725,6269,三井海洋開発,機械,IFRS,True,2025-12-31,7,False,
E01673,6273,ＳＭＣ,機械,JP,True,2026-03-31,10,False,
E01532,6301,小松製作所,機械,US,True,2026-03-31,8,False,
E01533,6302,住友重機械工業,機械,JP,True,2025-12-31,7,True,
E01585,6305,日立建機,機械,IFRS,True,2026-03-31,8,True,
E02328,6323,ローツェ,機械,JP,True,2026-02-28,10,True,
E01267,6326,クボタ,機械,IFRS,True,2025-12-31,7,True,
E01542,6361,荏原製作所,機械,IFRS,True,2025-12-31,7,True,
E01570,6367,ダイキン工業,機械,JP,True,2026-03-31,8,True,
E01571,6368,オルガノ,機械,JP,True,2026-03-31,8,True,
E01573,6370,栗田工業,機械,IFRS,True,2026-03-31,8,False,
E01551,6383,ダイフク,機械,JP,True,2025-12-31,12,True,
E02419,6417,ＳＡＮＫＹＯ,機械,JP,True,2026-03-31,8,True,
E01590,6436,アマノ,機械,JP,True,2026-03-31,8,True,
E01594,6448,ブラザー工業,電気機器,IFRS,True,2026-03-31,8,True,
E01650,6457,グローリー,機械,IFRS,True,2026-03-31,8,True,
E02475,6460,セガサミーホールディングス,機械,JP,True,2026-03-31,8,True,
E01654,6465,ホシザキ,機械,JP,True,2025-12-31,7,True,
E01600,6471,日本精工,機械,IFRS,True,2026-03-31,8,True,
E01601,6472,ＮＴＮ,機械,JP,True,2026-03-31,8,True,
E01602,6473,ジェイテクト,機械,IFRS,True,2026-03-31,8,True,
E01607,6479,ミネベアミツミ,電気機器,IFRS,True,2026-03-31,8,True,
E01678,6481,ＴＨＫ,機械,IFRS,True,2025-12-31,7,True,
E01737,6501,日立製作所,電気機器,IFRS,True,2026-03-31,11,True,
E01739,6503,三菱電機,電気機器,IFRS,True,2026-03-31,8,True,
E01740,6504,富士電機,電気機器,JP,True,2026-03-31,8,True,
E01741,6506,安川電機,電気機器,IFRS,True,2026-02-28,10,True,
E37488,6525,ＫＯＫＵＳＡＩ　ＥＬＥＣＴＲＩＣ,電気機器,IFRS,True,2026-03-31,7,False,
E37978,6526,ソシオネクスト,電気機器,JP,True,2026-03-31,6,False,
E32549,6532,ベイカレント,サービス業,IFRS,True,2026-02-28,10,False,
E33034,6544,ジャパンエレベーターサービスホールディングス,サービス業,JP,True,2026-03-31,8,False,
E01920,6586,マキタ,機械,IFRS,True,2026-03-31,8,True,
E01944,6592,マブチモーター,電気機器,JP,True,2025-12-31,7,True,
E21320,6632,ＪＶＣケンウッド,電気機器,IFRS,True,2026-03-31,8,True,
E01755,6645,オムロン,電気機器,US,True,2026-03-31,8,False,
E02089,6674,ジーエス・ユアサ　コーポレーション,電気機器,JP,True,2026-03-31,8,True,
E01765,6701,日本電気,電気機器,IFRS,True,2026-03-31,8,True,
E01766,6702,富士通,電気機器,IFRS,True,2026-03-31,8,True,
E01790,6707,サンケン電気,電気機器,JP,True,2026-03-31,10,False,
E02081,6723,ルネサスエレクトロニクス,電気機器,IFRS,True,2025-12-31,11,True,
E01873,6724,セイコーエプソン,電気機器,IFRS,True,2026-03-31,8,True,
E01589,6728,アルバック,電気機器,JP,True,2026-06-30,8,True,
E01772,6752,パナソニック　ホールディングス,電気機器,IFRS,True,2026-03-31,8,True,
E01773,6753,シャープ,電気機器,JP,True,2026-03-31,8,True,
E01774,6754,アンリツ,電気機器,IFRS,True,2026-03-31,8,True,
E01777,6758,ソニーグループ,電気機器,IFRS,True,2026-03-31,8,True,
E01780,6762,ＴＤＫ,電気機器,IFRS,True,2026-03-31,8,True,
E01793,6770,アルプスアルパイン,電気機器,JP,True,2026-03-31,8,True,
E01939,6806,ヒロセ電機,電気機器,IFRS,True,2026-03-31,8,True,
E01878,6841,横河電機,電気機器,JP,True,2026-03-31,8,True,
E01879,6845,アズビル,電気機器,JP,True,2026-03-31,8,True,
E01903,6849,日本光電工業,電気機器,JP,True,2026-03-31,8,True,
E01901,6856,堀場製作所,電気機器,JP,True,2025-12-31,7,True,
E01950,6857,アドバンテスト,電気機器,IFRS,True,2026-03-31,8,True,
E01967,6861,キーエンス,電気機器,JP,True,2026-03-20,8,False,
E02015,6869,シスメックス,電気機器,IFRS,True,2026-03-31,9,True,
E01892,6902,デンソー,輸送用機器,IFRS,True,2026-03-31,8,True,
E01991,6920,レーザーテック,電気機器,JP,True,2026-06-30,8,False,
E01880,6923,スタンレー電気,電気機器,JP,True,2026-03-31,8,True,
E01929,6925,ウシオ電機,電気機器,JP,True,2026-03-31,8,True,
E01905,6951,日本電子,電気機器,JP,True,2026-03-31,9,True,
E01935,6952,カシオ計算機,電気機器,JP,True,2026-03-31,8,True,
E01946,6954,ファナック,電気機器,JP,True,2026-03-31,8,False,
E01953,6963,ローム,電気機器,JP,True,2026-03-31,8,True,
E01955,6965,浜松ホトニクス,電気機器,JP,True,2025-09-30,7,True,
E01182,6971,京セラ,電気機器,IFRS,True,2026-03-31,8,True,
E01824,6976,太陽誘電,電気機器,JP,True,2026-03-31,8,False,
E01914,6981,村田製作所,電気機器,IFRS,True,2026-03-31,8,True,
E01888,6988,日東電工,化学,IFRS,True,2026-03-31,8,True,
E02123,7003,三井Ｅ＆Ｓ,機械,JP,True,2026-03-31,8,True,
E02126,7011,三菱重工業,機械,IFRS,True,2026-03-31,8,True,
E02127,7012,川崎重工業,輸送用機器,IFRS,True,2026-03-31,8,True,
E02128,7013,ＩＨＩ,機械,IFRS,True,2026-03-31,8,False,
E09753,7164,全国保証,その他金融業,JP,True,2026-03-31,8,False,
E30103,7167,めぶきフィナンシャルグループ,銀行業,JP,True,2026-03-31,8,False,
E31612,7180,九州フィナンシャルグループ,銀行業,JP,True,2026-03-31,8,True,
E31755,7181,かんぽ生命保険,保険業,JP,True,2026-03-31,8,False,
E31775,7182,ゆうちょ銀行,銀行業,JP,True,2026-03-31,8,False,
E32022,7186,横浜フィナンシャルグループ,銀行業,JP,True,2026-03-31,9,False,
E32447,7189,西日本フィナンシャルホールディングス,銀行業,JP,True,2026-03-31,8,True,
E02142,7201,日産自動車,輸送用機器,JP,True,2026-03-31,8,True,
E02143,7202,いすゞ自動車,輸送用機器,IFRS,True,2026-03-31,8,False,
E02144,7203,トヨタ自動車,輸送用機器,IFRS,True,2026-03-31,8,True,
E02213,7211,三菱自動車工業,輸送用機器,JP,True,2026-03-31,8,True,
E02176,7240,ＮＯＫ,輸送用機器,JP,True,2026-03-31,8,True,
E01593,7259,アイシン,輸送用機器,IFRS,True,2026-03-31,8,True,
E02163,7261,マツダ,輸送用機器,JP,True,2026-03-31,8,True,
E02166,7267,本田技研工業,輸送用機器,IFRS,True,2026-03-31,8,True,
E02167,7269,スズキ,輸送用機器,IFRS,True,2026-03-31,8,True,
E02152,7270,ＳＵＢＡＲＵ,輸送用機器,IFRS,True,2026-03-31,8,True,
E02168,7272,ヤマハ発動機,輸送用機器,IFRS,True,2025-12-31,7,True,
E02140,7276,小糸製作所,電気機器,JP,True,2026-03-31,8,True,
E01108,7282,豊田合成,輸送用機器,IFRS,True,2026-03-31,8,True,
E02257,7309,シマノ,輸送用機器,JP,True,2025-12-31,7,True,
E02380,7313,テイ・エス　テック,輸送用機器,IFRS,True,2026-03-31,8,True,
E35810,7337,ひろぎんホールディングス,銀行業,JP,True,2026-03-31,6,True,
E03248,7453,良品計画,小売業,JP,True,2025-08-31,17,True,
E02824,7458,第一興商,卸売業,JP,True,2026-03-31,8,True,
E02632,7459,メディパルホールディングス,卸売業,JP,True,2026-03-31,8,True,
E02835,7476,アズワン,卸売業,JP,True,2026-03-31,8,False,
E03280,7532,パン・パシフィック・インターナショナルホールディングス,小売業,JP,True,2026-06-30,8,True,
E03291,7550,ゼンショーホールディングス,小売業,JP,True,2026-03-31,8,True,
E03321,7616,コロワイド,小売業,IFRS,True,2026-03-31,8,True,
E03344,7649,スギホールディングス,小売業,JP,True,2026-02-28,10,False,
E02265,7701,島津製作所,精密機器,JP,True,2026-03-31,8,True,
E02289,7729,東京精密,精密機器,JP,True,2026-03-31,8,True,
E02271,7731,ニコン,精密機器,IFRS,True,2026-03-31,8,True,
E02272,7733,オリンパス,精密機器,IFRS,True,2026-03-31,8,True,
E02288,7735,ＳＣＲＥＥＮホールディングス,電気機器,JP,True,2026-03-31,8,True,
E01124,7741,ＨＯＹＡ,精密機器,IFRS,True,2026-03-31,9,True,
E02349,7747,朝日インテック,精密機器,JP,True,2026-06-30,8,True,
E02274,7751,キヤノン,電気機器,US,True,2025-12-31,7,False,
E02275,7752,リコー,電気機器,IFRS,True,2026-03-31,8,True,
E02481,7832,バンダイナムコホールディングス,その他製品,JP,True,2026-03-31,8,True,
E02466,7846,パイロットコーポレーション,その他製品,JP,True,2025-12-31,7,True,
E02450,7867,タカラトミー,その他製品,JP,True,2026-03-31,8,True,
E00692,7911,ＴＯＰＰＡＮホールディングス,その他製品,JP,True,2026-03-31,8,True,
E00693,7912,大日本印刷,その他製品,JP,True,2026-03-31,8,True,
E02378,7936,アシックス,その他製品,JP,True,2025-12-31,7,True,
E02362,7951,ヤマハ,その他製品,IFRS,True,2026-03-31,8,True,
E02404,7956,ピジョン,その他製品,JP,True,2025-12-31,7,True,
E02367,7974,任天堂,その他製品,JP,True,2026-03-31,8,False,
E00670,7984,コクヨ,その他製品,JP,True,2025-12-31,8,True,
E02386,7988,ニフコ,化学,JP,True,2026-03-31,8,True,
E02497,8001,伊藤忠商事,卸売業,IFRS,True,2026-03-31,8,True,商社
E02498,8002,丸紅,卸売業,IFRS,True,2026-03-31,8,True,商社
E02552,8012,長瀬産業,卸売業,JP,True,2026-03-31,8,True,
E02505,8015,豊田通商,卸売業,IFRS,True,2026-03-31,8,True,商社
E02506,8020,兼松,卸売業,IFRS,True,2026-03-31,8,True,商社
E02513,8031,三井物産,卸売業,IFRS,True,2026-03-31,8,True,商社
E02652,8035,東京エレクトロン,電気機器,JP,True,2026-03-31,8,False,
E02528,8053,住友商事,卸売業,IFRS,True,2026-03-31,8,True,商社
E02611,8056,ＢＩＰＲＯＧＹ,情報・通信業,IFRS,True,2026-03-31,8,True,
E02529,8058,三菱商事,卸売業,IFRS,True,2026-03-31,8,True,商社
E02644,8060,キヤノンマーケティングジャパン,卸売業,JP,True,2025-12-31,7,True,
E02688,8086,ニプロ,精密機器,JP,True,2026-03-31,8,True,
E02567,8088,岩谷産業,卸売業,JP,True,2026-03-31,8,True,
E00603,8111,ゴールドウイン,繊維製品,JP,True,2026-03-31,8,False,
E00678,8113,ユニ・チャーム,化学,IFRS,True,2025-12-31,7,True,
E02608,8129,東邦ホールディングス,卸売業,JP,True,2026-03-31,8,True,
E02655,8136,サンリオ,卸売業,JP,True,2026-03-31,8,True,
E03051,8174,日本瓦斯,小売業,JP,True,2026-03-31,8,True,
E03137,8227,しまむら,小売業,JP,True,2026-02-20,8,True,
E03013,8233,高島屋,小売業,JP,True,2026-02-28,10,True,
E03020,8242,エイチ・ツー・オー　リテイリング,小売業,JP,True,2026-03-31,8,True,
E03040,8252,丸井グループ,小売業,JP,True,2026-03-31,8,True,
E03041,8253,クレディセゾン,その他金融業,IFRS,True,2026-03-31,8,True,
E03061,8267,イオン,小売業,JP,True,2026-02-28,10,True,
E03128,8282,ケーズホールディングス,小売業,JP,True,2026-03-31,10,False,
E02691,8283,ＰＡＬＴＡＣ,卸売業,JP,False,2026-03-31,8,False,
E03530,8303,ＳＢＩ新生銀行,銀行業,JP,True,2026-03-31,8,True,
E03531,8304,あおぞら銀行,銀行業,JP,True,2026-03-31,8,True,
E03606,8306,三菱ＵＦＪフィナンシャル・グループ,銀行業,JP,True,2026-03-31,8,False,
E03610,8308,りそなホールディングス,銀行業,JP,True,2026-03-31,8,False,
E03611,8309,三井住友トラストグループ,銀行業,JP,True,2026-03-31,8,False,
E03614,8316,三井住友フィナンシャルグループ,銀行業,JP,True,2026-03-31,8,False,
E03556,8331,千葉銀行,銀行業,JP,True,2026-03-31,8,False,
E03554,8334,群馬銀行,銀行業,JP,True,2026-03-31,8,True,
E03545,8341,七十七銀行,銀行業,JP,True,2026-03-31,8,False,
E03624,8354,ふくおかフィナンシャルグループ,銀行業,JP,True,2026-03-31,8,False,
E03563,8359,八十二長野銀行,銀行業,JP,True,2026-03-31,8,True,
E03618,8377,ほくほくフィナンシャルグループ,銀行業,JP,True,2026-03-31,8,True,
E03623,8410,セブン銀行,銀行業,JP,True,2026-03-31,8,True,
E03615,8411,みずほフィナンシャルグループ,銀行業,JP,True,2026-03-31,8,True,
E03622,8418,山口フィナンシャルグループ,銀行業,JP,True,2026-03-31,8,False,
E05438,8424,芙蓉総合リース,その他金融業,JP,True,2026-03-31,9,True,
E05346,8439,東京センチュリー,その他金融業,JP,True,2026-03-31,8,True,
E05159,8473,ＳＢＩホールディングス,証券、商品先物取引業,IFRS,True,2026-03-31,9,True,
E04912,8570,イオンフィナンシャルサービス,その他金融業,JP,True,2026-02-28,10,True,
E03693,8572,アコム,その他金融業,JP,True,2026-03-31,8,True,
E04762,8591,オリックス,その他金融業,US,True,2026-03-31,8,False,
E04788,8593,三菱ＨＣキャピタル,その他金融業,JP,True,2026-03-31,12,True,
E04806,8595,ジャフコ　グループ,証券、商品先物取引業,JP,False,2026-03-31,8,False,
E03753,8601,大和証券グループ本社,証券、商品先物取引業,JP,True,2026-03-31,8,True,
E03752,8604,野村ホールディングス,証券、商品先物取引業,US,True,2026-03-31,12,False,
E23924,8630,ＳＯＭＰＯホールディングス,保険業,IFRS,True,2026-03-31,8,True,
E03814,8697,日本取引所グループ,その他金融業,IFRS,True,2026-03-31,8,False,
E03854,8725,ＭＳ＆ＡＤインシュアランスグループホールディングス,保険業,IFRS,True,2026-03-31,8,True,
E05714,8729,ソニーフィナンシャルグループ,保険業,JP,True,2026-03-31,5,True,
E06141,8750,第一生命ホールディングス,保険業,JP,True,2026-03-31,10,True,
E03847,8766,東京海上ホールディングス,保険業,IFRS,True,2026-03-31,8,True,
E03851,8795,Ｔ＆Ｄホールディングス,保険業,JP,True,2026-03-31,8,True,
E03855,8801,三井不動産,不動産業,JP,True,2026-03-31,8,True,
E03856,8802,三菱地所,不動産業,JP,True,2026-03-31,8,True,
E03859,8804,東京建物,不動産業,JP,True,2025-12-31,7,True,
E03907,8830,住友不動産,不動産業,JP,True,2026-03-31,8,True,
E05047,8876,リログループ,サービス業,IFRS,True,2026-03-31,8,True,
E04094,9001,東武鉄道,陸運業,JP,True,2026-03-31,8,True,
E04097,9003,相鉄ホールディングス,陸運業,JP,True,2026-03-31,8,True,
E04090,9005,東急,陸運業,JP,True,2026-03-31,8,True,
E04089,9006,京浜急行電鉄,陸運業,JP,True,2026-03-31,8,True,
E04088,9007,小田急電鉄,陸運業,JP,True,2026-03-31,8,True,
E04092,9008,京王電鉄,陸運業,JP,True,2026-03-31,8,True,
E04091,9009,京成電鉄,陸運業,JP,True,2026-03-31,8,True,
E04147,9020,東日本旅客鉄道,陸運業,JP,True,2026-03-31,8,True,
E04148,9021,西日本旅客鉄道,陸運業,JP,True,2026-03-31,8,True,
E04149,9022,東海旅客鉄道,陸運業,JP,True,2026-03-31,8,True,
E04153,9023,東京地下鉄,陸運業,JP,True,2026-03-31,6,True,
E04154,9024,西武ホールディングス,陸運業,JP,True,2026-03-31,8,True,
E04110,9031,西日本鉄道,陸運業,JP,True,2026-03-31,8,True,
E04102,9041,近鉄グループホールディングス,陸運業,JP,True,2026-03-31,8,True,
E04103,9042,阪急阪神ホールディングス,陸運業,JP,True,2026-03-31,8,True,
E04106,9044,南海電気鉄道,陸運業,JP,True,2026-03-31,8,True,
E04105,9045,京阪ホールディングス,陸運業,JP,True,2026-03-31,8,True,
E04101,9048,名古屋鉄道,陸運業,JP,True,2026-03-31,8,True,
E04187,9064,ヤマトホールディングス,陸運業,JP,True,2026-03-31,8,True,
E04324,9065,山九,陸運業,JP,True,2026-03-31,8,True,
E04179,9069,センコーグループホールディングス,陸運業,JP,True,2026-03-31,8,True,
E04191,9072,ニッコンホールディングス,陸運業,JP,True,2026-03-31,8,True,
E04198,9076,セイノーホールディングス,陸運業,JP,True,2026-03-31,8,True,
E04235,9101,日本郵船,海運業,JP,True,2026-03-31,8,True,
E04236,9104,商船三井,海運業,JP,True,2026-03-31,8,True,
E04237,9107,川崎汽船,海運業,JP,True,2026-03-31,8,True,
E32679,9142,九州旅客鉄道,陸運業,JP,True,2026-03-31,8,True,
E32292,9143,ＳＧホールディングス,陸運業,JP,True,2026-03-31,8,True,
E36706,9147,ＮＩＰＰＯＮ　ＥＸＰＲＥＳＳホールディングス,陸運業,IFRS,True,2025-12-31,5,True,
E04272,9201,日本航空,空運業,IFRS,True,2026-03-31,8,True,
E04273,9202,ＡＮＡホールディングス,空運業,JP,True,2026-03-31,8,True,
E04283,9301,三菱倉庫,倉庫・運輸関連業,JP,True,2026-03-31,8,True,
E04284,9302,三井倉庫ホールディングス,倉庫・運輸関連業,JP,True,2026-03-31,8,True,
E04345,9364,上組,倉庫・運輸関連業,JP,True,2026-03-31,8,False,
E04375,9401,ＴＢＳホールディングス,情報・通信業,JP,True,2026-03-31,8,True,
E04410,9404,日本テレビホールディングス,情報・通信業,JP,True,2026-03-31,8,True,
E04430,9432,ＮＴＴ,情報・通信業,IFRS,True,2026-03-31,8,True,
E04425,9433,ＫＤＤＩ,情報・通信業,IFRS,True,2026-03-31,8,True,
E04426,9434,ソフトバンク,情報・通信業,IFRS,True,2026-03-31,8,True,
E04948,9435,光通信,情報・通信業,IFRS,True,2026-03-31,8,True,
E05041,9449,ＧＭＯインターネットグループ,情報・通信業,IFRS,True,2025-12-31,9,True,
E30731,9468,ＫＡＤＯＫＡＷＡ,情報・通信業,JP,True,2026-03-31,8,True,
E04498,9501,東京電力ホールディングス,電気・ガス業,JP,True,2026-03-31,8,True,
E04502,9502,中部電力,電気・ガス業,JP,True,2026-03-31,8,True,
E04499,9503,関西電力,電気・ガス業,JP,True,2026-03-31,8,True,
E04504,9504,中国電力,電気・ガス業,JP,True,2026-03-31,8,True,
E04503,9505,北陸電力,電気・ガス業,JP,True,2026-03-31,9,True,
E04501,9506,東北電力,電気・ガス業,JP,True,2026-03-31,8,True,
E04505,9507,四国電力,電気・ガス業,JP,True,2026-03-31,8,True,
E04506,9508,九州電力,電気・ガス業,JP,True,2026-03-31,8,True,
E04500,9509,北海道電力,電気・ガス業,JP,True,2026-03-31,8,True,
E04510,9513,電源開発,電気・ガス業,JP,True,2026-03-31,8,True,
E04514,9531,東京瓦斯,電気・ガス業,JP,True,2026-03-31,8,True,
E04520,9532,大阪瓦斯,電気・ガス業,JP,True,2026-03-31,8,True,
E04517,9533,東邦瓦斯,電気・ガス業,JP,True,2026-03-31,8,True,
E04583,9602,東宝,情報・通信業,JP,True,2026-02-28,10,True,
E04908,9616,共立メンテナンス,サービス業,JP,True,2026-03-31,8,True,
E04896,9627,アインホールディングス,小売業,JP,True,2026-04-30,8,True,
E04859,9684,スクウェア・エニックス・ホールディングス,情報・通信業,JP,True,2026-03-31,8,True,
E02417,9697,カプコン,情報・通信業,JP,True,2026-03-31,8,True,
E03863,9706,日本空港ビルデング,不動産業,JP,True,2026-03-31,8,True,
E04773,9735,セコム,サービス業,JP,True,2026-03-31,8,True,
E04804,9744,メイテックグループホールディングス,サービス業,JP,True,2026-03-31,8,True,
E04822,9759,ＮＳＤ,情報・通信業,JP,True,2026-03-31,8,True,
E01956,9766,コナミグループ,情報・通信業,IFRS,True,2026-03-31,8,True,
E03139,9831,ヤマダホールディングス,小売業,JP,True,2026-03-31,8,True,
E03144,9843,ニトリホールディングス,小売業,IFRS,True,2026-03-31,8,True,
E03153,9861,吉野家ホールディングス,小売業,JP,True,2026-02-28,10,True,
E02761,9934,因幡電機産業,卸売業,JP,True,2026-03-31,8,True,
E02770,9962,ミスミグループ本社,卸売業,JP,True,2026-03-31,8,True,
E03217,9983,ファーストリテイリング,小売業,IFRS,True,2025-08-31,7,True,
E02778,9984,ソフトバンクグループ,情報・通信業,IFRS,True,2026-03-31,8,True,
E02780,9987,スズケン,卸売業,JP,True,2026-03-31,8,True,
E03226,9989,サンドラッグ,小売業,JP,True,2026-03-31,8,True,
